,index,policy,item_util,max_envy,imp_in_item_util
0,0,Max,0.10944233472467335,0.06920970944668492,0.9496401281479733
1,1,Max,0.4451132830280688,0.0,2.4605782594093193
2,2,Max,0.16613775365731112,0.16252863364716125,1.2798480025861823
3,3,Max,0.4139622685852558,0.0,2.054872206946321
4,4,Max,0.13317824759106334,0.13327647524827213,0.9942731612086572
5,5,Max,0.24613591394317474,0.07696418346241525,1.4289548396154619
6,6,Max,0.03403463329514922,0.10265655638408251,0.4352310039593576
7,7,Max,0.15510688669506648,0.196134463411525,0.9263891580994535
8,8,Max,0.10992046284681063,0.1984790445204699,0.5798563965553444
9,9,Max,0.05268579965258189,0.184814436339039,0.47516385453404936
10,0,Expo-Fair,0.11309165928067108,0.06357462519204345,0.98130561708084
11,1,Expo-Fair,0.4231818176425346,0.0,2.3393415114122242
12,2,Expo-Fair,0.1688754924233269,0.1537707472110304,1.3009382690316733
13,3,Expo-Fair,0.3702264093498676,0.0,1.8377712573915268
14,4,Expo-Fair,0.15035633029314582,0.08175588542718018,1.1225201302193035
15,5,Expo-Fair,0.24613585454453818,0.0379922740767241,1.4289544947735904
16,6,Expo-Fair,0.03524760382652799,0.08421097609569708,0.45074233259824553
17,7,Expo-Fair,0.17244250135715208,0.1547902026871309,1.0299276006156672
18,8,Expo-Fair,0.11662887053266324,0.1575872266479291,0.6152448311252006
19,9,Expo-Fair,0.05825678443055336,0.16558015029575998,0.5254075751970557
20,0,NSW,0.14295364962275225,0.011828713773544774,1.2404205601835137
21,1,NSW,0.20319511633745257,0.012584312757187455,1.123258965171243
22,2,NSW,0.16776282816235005,0.0,1.2923668209374757
23,3,NSW,0.25429279347464295,0.0,1.2622870087256932
24,4,NSW,0.22279625166444444,0.0,1.6633371999911448
25,5,NSW,0.19065972794151476,0.021788379332224838,1.1068849587902634
26,6,NSW,0.08332570877575327,0.003938460593859705,1.0655596483616276
27,7,NSW,0.16562197822947228,0.01819365007934235,0.989191442391623
28,8,NSW,0.1504240974988112,0.04459980600989235,0.7935226332908522
29,9,NSW,0.0970796129115475,0.036985751245821576,0.8755437588857744
30,0,Max,0.10944233472467335,0.06920970944668492,0.9496401281479733
31,1,Max,0.4451132830280688,0.0,2.4605782594093193
32,2,Max,0.16613775365731112,0.16252863364716125,1.2798480025861823
33,3,Max,0.4139622685852558,0.0,2.054872206946321
34,4,Max,0.13317824759106334,0.13327647524827213,0.9942731612086572
35,5,Max,0.24613591394317474,0.07696418346241525,1.4289548396154619
36,6,Max,0.03403463329514922,0.10265655638408251,0.4352310039593576
37,7,Max,0.15510688669506648,0.196134463411525,0.9263891580994535
38,8,Max,0.10992046284681063,0.1984790445204699,0.5798563965553444
39,9,Max,0.05268579965258189,0.184814436339039,0.47516385453404936
40,0,Expo-Fair,0.11309165928067108,0.06357462519204345,0.98130561708084
41,1,Expo-Fair,0.4231818176425346,0.0,2.3393415114122242
42,2,Expo-Fair,0.1688754924233269,0.1537707472110304,1.3009382690316733
43,3,Expo-Fair,0.3702264093498676,0.0,1.8377712573915268
44,4,Expo-Fair,0.15035633029314582,0.08175588542718018,1.1225201302193035
45,5,Expo-Fair,0.24613585454453818,0.0379922740767241,1.4289544947735904
46,6,Expo-Fair,0.03524760382652799,0.08421097609569708,0.45074233259824553
47,7,Expo-Fair,0.17244250135715208,0.1547902026871309,1.0299276006156672
48,8,Expo-Fair,0.11662887053266324,0.1575872266479291,0.6152448311252006
49,9,Expo-Fair,0.05825678443055336,0.16558015029575998,0.5254075751970557
50,0,NSW,0.14295364962275225,0.011828713773544774,1.2404205601835137
51,1,NSW,0.20319511633745257,0.012584312757187455,1.123258965171243
52,2,NSW,0.16776282816235005,0.0,1.2923668209374757
53,3,NSW,0.25429279347464295,0.0,1.2622870087256932
54,4,NSW,0.22279625166444444,0.0,1.6633371999911448
55,5,NSW,0.19065972794151476,0.021788379332224838,1.1068849587902634
56,6,NSW,0.08332570877575327,0.003938460593859705,1.0655596483616276
57,7,NSW,0.16562197822947228,0.01819365007934235,0.989191442391623
58,8,NSW,0.1504240974988112,0.04459980600989235,0.7935226332908522
59,9,NSW,0.0970796129115475,0.036985751245821576,0.8755437588857744
60,0,Max,0.10944233472467335,0.06920970944668492,0.9496401281479733
61,1,Max,0.4451132830280688,0.0,2.4605782594093193
62,2,Max,0.16613775365731112,0.16252863364716125,1.2798480025861823
63,3,Max,0.4139622685852558,0.0,2.054872206946321
64,4,Max,0.13317824759106334,0.13327647524827213,0.9942731612086572
65,5,Max,0.24613591394317474,0.07696418346241525,1.4289548396154619
66,6,Max,0.03403463329514922,0.10265655638408251,0.4352310039593576
67,7,Max,0.15510688669506648,0.196134463411525,0.9263891580994535
68,8,Max,0.10992046284681063,0.1984790445204699,0.5798563965553444
69,9,Max,0.05268579965258189,0.184814436339039,0.47516385453404936
70,0,Expo-Fair,0.11309165928067108,0.06357462519204345,0.98130561708084
71,1,Expo-Fair,0.4231818176425346,0.0,2.3393415114122242
72,2,Expo-Fair,0.1688754924233269,0.1537707472110304,1.3009382690316733
73,3,Expo-Fair,0.3702264093498676,0.0,1.8377712573915268
74,4,Expo-Fair,0.15035633029314582,0.08175588542718018,1.1225201302193035
75,5,Expo-Fair,0.24613585454453818,0.0379922740767241,1.4289544947735904
76,6,Expo-Fair,0.03524760382652799,0.08421097609569708,0.45074233259824553
77,7,Expo-Fair,0.17244250135715208,0.1547902026871309,1.0299276006156672
78,8,Expo-Fair,0.11662887053266324,0.1575872266479291,0.6152448311252006
79,9,Expo-Fair,0.05825678443055336,0.16558015029575998,0.5254075751970557
80,0,NSW,0.14295364962275225,0.011828713773544774,1.2404205601835137
81,1,NSW,0.20319511633745257,0.012584312757187455,1.123258965171243
82,2,NSW,0.16776282816235005,0.0,1.2923668209374757
83,3,NSW,0.25429279347464295,0.0,1.2622870087256932
84,4,NSW,0.22279625166444444,0.0,1.6633371999911448
85,5,NSW,0.19065972794151476,0.021788379332224838,1.1068849587902634
86,6,NSW,0.08332570877575327,0.003938460593859705,1.0655596483616276
87,7,NSW,0.16562197822947228,0.01819365007934235,0.989191442391623
88,8,NSW,0.1504240974988112,0.04459980600989235,0.7935226332908522
89,9,NSW,0.0970796129115475,0.036985751245821576,0.8755437588857744
90,0,Max,0.10944233472467335,0.06920970944668492,0.9496401281479733
91,1,Max,0.4451132830280688,0.0,2.4605782594093193
92,2,Max,0.16613775365731112,0.16252863364716125,1.2798480025861823
93,3,Max,0.4139622685852558,0.0,2.054872206946321
94,4,Max,0.13317824759106334,0.13327647524827213,0.9942731612086572
95,5,Max,0.24613591394317474,0.07696418346241525,1.4289548396154619
96,6,Max,0.03403463329514922,0.10265655638408251,0.4352310039593576
97,7,Max,0.15510688669506648,0.196134463411525,0.9263891580994535
98,8,Max,0.10992046284681063,0.1984790445204699,0.5798563965553444
99,9,Max,0.05268579965258189,0.184814436339039,0.47516385453404936
100,0,Expo-Fair,0.11309165928067108,0.06357462519204345,0.98130561708084
101,1,Expo-Fair,0.4231818176425346,0.0,2.3393415114122242
102,2,Expo-Fair,0.1688754924233269,0.1537707472110304,1.3009382690316733
103,3,Expo-Fair,0.3702264093498676,0.0,1.8377712573915268
104,4,Expo-Fair,0.15035633029314582,0.08175588542718018,1.1225201302193035
105,5,Expo-Fair,0.24613585454453818,0.0379922740767241,1.4289544947735904
106,6,Expo-Fair,0.03524760382652799,0.08421097609569708,0.45074233259824553
107,7,Expo-Fair,0.17244250135715208,0.1547902026871309,1.0299276006156672
108,8,Expo-Fair,0.11662887053266324,0.1575872266479291,0.6152448311252006
109,9,Expo-Fair,0.05825678443055336,0.16558015029575998,0.5254075751970557
110,0,NSW,0.14295364962275225,0.011828713773544774,1.2404205601835137
111,1,NSW,0.20319511633745257,0.012584312757187455,1.123258965171243
112,2,NSW,0.16776282816235005,0.0,1.2923668209374757
113,3,NSW,0.25429279347464295,0.0,1.2622870087256932
114,4,NSW,0.22279625166444444,0.0,1.6633371999911448
115,5,NSW,0.19065972794151476,0.021788379332224838,1.1068849587902634
116,6,NSW,0.08332570877575327,0.003938460593859705,1.0655596483616276
117,7,NSW,0.16562197822947228,0.01819365007934235,0.989191442391623
118,8,NSW,0.1504240974988112,0.04459980600989235,0.7935226332908522
119,9,NSW,0.0970796129115475,0.036985751245821576,0.8755437588857744
120,0,Max,0.10944233472467335,0.06920970944668492,0.9496401281479733
121,1,Max,0.4451132830280688,0.0,2.4605782594093193
122,2,Max,0.16613775365731112,0.16252863364716125,1.2798480025861823
123,3,Max,0.4139622685852558,0.0,2.054872206946321
124,4,Max,0.13317824759106334,0.13327647524827213,0.9942731612086572
125,5,Max,0.24613591394317474,0.07696418346241525,1.4289548396154619
126,6,Max,0.03403463329514922,0.10265655638408251,0.4352310039593576
127,7,Max,0.15510688669506648,0.196134463411525,0.9263891580994535
128,8,Max,0.10992046284681063,0.1984790445204699,0.5798563965553444
129,9,Max,0.05268579965258189,0.184814436339039,0.47516385453404936
130,0,Expo-Fair,0.11309165928067108,0.06357462519204345,0.98130561708084
131,1,Expo-Fair,0.4231818176425346,0.0,2.3393415114122242
132,2,Expo-Fair,0.1688754924233269,0.1537707472110304,1.3009382690316733
133,3,Expo-Fair,0.3702264093498676,0.0,1.8377712573915268
134,4,Expo-Fair,0.15035633029314582,0.08175588542718018,1.1225201302193035
135,5,Expo-Fair,0.24613585454453818,0.0379922740767241,1.4289544947735904
136,6,Expo-Fair,0.03524760382652799,0.08421097609569708,0.45074233259824553
137,7,Expo-Fair,0.17244250135715208,0.1547902026871309,1.0299276006156672
138,8,Expo-Fair,0.11662887053266324,0.1575872266479291,0.6152448311252006
139,9,Expo-Fair,0.05825678443055336,0.16558015029575998,0.5254075751970557
140,0,NSW,0.14295364962275225,0.011828713773544774,1.2404205601835137
141,1,NSW,0.20319511633745257,0.012584312757187455,1.123258965171243
142,2,NSW,0.16776282816235005,0.0,1.2923668209374757
143,3,NSW,0.25429279347464295,0.0,1.2622870087256932
144,4,NSW,0.22279625166444444,0.0,1.6633371999911448
145,5,NSW,0.19065972794151476,0.021788379332224838,1.1068849587902634
146,6,NSW,0.08332570877575327,0.003938460593859705,1.0655596483616276
147,7,NSW,0.16562197822947228,0.01819365007934235,0.989191442391623
148,8,NSW,0.1504240974988112,0.04459980600989235,0.7935226332908522
149,9,NSW,0.0970796129115475,0.036985751245821576,0.8755437588857744
150,0,Max,0.10944233472467335,0.06920970944668492,0.9496401281479733
151,1,Max,0.4451132830280688,0.0,2.4605782594093193
152,2,Max,0.16613775365731112,0.16252863364716125,1.2798480025861823
153,3,Max,0.4139622685852558,0.0,2.054872206946321
154,4,Max,0.13317824759106334,0.13327647524827213,0.9942731612086572
155,5,Max,0.24613591394317474,0.07696418346241525,1.4289548396154619
156,6,Max,0.03403463329514922,0.10265655638408251,0.4352310039593576
157,7,Max,0.15510688669506648,0.196134463411525,0.9263891580994535
158,8,Max,0.10992046284681063,0.1984790445204699,0.5798563965553444
159,9,Max,0.05268579965258189,0.184814436339039,0.47516385453404936
160,0,Expo-Fair,0.11309165928067108,0.06357462519204345,0.98130561708084
161,1,Expo-Fair,0.4231818176425346,0.0,2.3393415114122242
162,2,Expo-Fair,0.1688754924233269,0.1537707472110304,1.3009382690316733
163,3,Expo-Fair,0.3702264093498676,0.0,1.8377712573915268
164,4,Expo-Fair,0.15035633029314582,0.08175588542718018,1.1225201302193035
165,5,Expo-Fair,0.24613585454453818,0.0379922740767241,1.4289544947735904
166,6,Expo-Fair,0.03524760382652799,0.08421097609569708,0.45074233259824553
167,7,Expo-Fair,0.17244250135715208,0.1547902026871309,1.0299276006156672
168,8,Expo-Fair,0.11662887053266324,0.1575872266479291,0.6152448311252006
169,9,Expo-Fair,0.05825678443055336,0.16558015029575998,0.5254075751970557
170,0,NSW,0.14295364962275225,0.011828713773544774,1.2404205601835137
171,1,NSW,0.20319511633745257,0.012584312757187455,1.123258965171243
172,2,NSW,0.16776282816235005,0.0,1.2923668209374757
173,3,NSW,0.25429279347464295,0.0,1.2622870087256932
174,4,NSW,0.22279625166444444,0.0,1.6633371999911448
175,5,NSW,0.19065972794151476,0.021788379332224838,1.1068849587902634
176,6,NSW,0.08332570877575327,0.003938460593859705,1.0655596483616276
177,7,NSW,0.16562197822947228,0.01819365007934235,0.989191442391623
178,8,NSW,0.1504240974988112,0.04459980600989235,0.7935226332908522
179,9,NSW,0.0970796129115475,0.036985751245821576,0.8755437588857744
180,0,Max,0.10944233472467335,0.06920970944668492,0.9496401281479733
181,1,Max,0.4451132830280688,0.0,2.4605782594093193
182,2,Max,0.16613775365731112,0.16252863364716125,1.2798480025861823
183,3,Max,0.4139622685852558,0.0,2.054872206946321
184,4,Max,0.13317824759106334,0.13327647524827213,0.9942731612086572
185,5,Max,0.24613591394317474,0.07696418346241525,1.4289548396154619
186,6,Max,0.03403463329514922,0.10265655638408251,0.4352310039593576
187,7,Max,0.15510688669506648,0.196134463411525,0.9263891580994535
188,8,Max,0.10992046284681063,0.1984790445204699,0.5798563965553444
189,9,Max,0.05268579965258189,0.184814436339039,0.47516385453404936
190,0,Expo-Fair,0.11309165928067108,0.06357462519204345,0.98130561708084
191,1,Expo-Fair,0.4231818176425346,0.0,2.3393415114122242
192,2,Expo-Fair,0.1688754924233269,0.1537707472110304,1.3009382690316733
193,3,Expo-Fair,0.3702264093498676,0.0,1.8377712573915268
194,4,Expo-Fair,0.15035633029314582,0.08175588542718018,1.1225201302193035
195,5,Expo-Fair,0.24613585454453818,0.0379922740767241,1.4289544947735904
196,6,Expo-Fair,0.03524760382652799,0.08421097609569708,0.45074233259824553
197,7,Expo-Fair,0.17244250135715208,0.1547902026871309,1.0299276006156672
198,8,Expo-Fair,0.11662887053266324,0.1575872266479291,0.6152448311252006
199,9,Expo-Fair,0.05825678443055336,0.16558015029575998,0.5254075751970557
200,0,NSW,0.14295364962275225,0.011828713773544774,1.2404205601835137
201,1,NSW,0.20319511633745257,0.012584312757187455,1.123258965171243
202,2,NSW,0.16776282816235005,0.0,1.2923668209374757
203,3,NSW,0.25429279347464295,0.0,1.2622870087256932
204,4,NSW,0.22279625166444444,0.0,1.6633371999911448
205,5,NSW,0.19065972794151476,0.021788379332224838,1.1068849587902634
206,6,NSW,0.08332570877575327,0.003938460593859705,1.0655596483616276
207,7,NSW,0.16562197822947228,0.01819365007934235,0.989191442391623
208,8,NSW,0.1504240974988112,0.04459980600989235,0.7935226332908522
209,9,NSW,0.0970796129115475,0.036985751245821576,0.8755437588857744
210,0,Max,0.10944233472467335,0.06920970944668492,0.9496401281479733
211,1,Max,0.4451132830280688,0.0,2.4605782594093193
212,2,Max,0.16613775365731112,0.16252863364716125,1.2798480025861823
213,3,Max,0.4139622685852558,0.0,2.054872206946321
214,4,Max,0.13317824759106334,0.13327647524827213,0.9942731612086572
215,5,Max,0.24613591394317474,0.07696418346241525,1.4289548396154619
216,6,Max,0.03403463329514922,0.10265655638408251,0.4352310039593576
217,7,Max,0.15510688669506648,0.196134463411525,0.9263891580994535
218,8,Max,0.10992046284681063,0.1984790445204699,0.5798563965553444
219,9,Max,0.05268579965258189,0.184814436339039,0.47516385453404936
220,0,Expo-Fair,0.11309165928067108,0.06357462519204345,0.98130561708084
221,1,Expo-Fair,0.4231818176425346,0.0,2.3393415114122242
222,2,Expo-Fair,0.1688754924233269,0.1537707472110304,1.3009382690316733
223,3,Expo-Fair,0.3702264093498676,0.0,1.8377712573915268
224,4,Expo-Fair,0.15035633029314582,0.08175588542718018,1.1225201302193035
225,5,Expo-Fair,0.24613585454453818,0.0379922740767241,1.4289544947735904
226,6,Expo-Fair,0.03524760382652799,0.08421097609569708,0.45074233259824553
227,7,Expo-Fair,0.17244250135715208,0.1547902026871309,1.0299276006156672
228,8,Expo-Fair,0.11662887053266324,0.1575872266479291,0.6152448311252006
229,9,Expo-Fair,0.05825678443055336,0.16558015029575998,0.5254075751970557
230,0,NSW,0.14295364962275225,0.011828713773544774,1.2404205601835137
231,1,NSW,0.20319511633745257,0.012584312757187455,1.123258965171243
232,2,NSW,0.16776282816235005,0.0,1.2923668209374757
233,3,NSW,0.25429279347464295,0.0,1.2622870087256932
234,4,NSW,0.22279625166444444,0.0,1.6633371999911448
235,5,NSW,0.19065972794151476,0.021788379332224838,1.1068849587902634
236,6,NSW,0.08332570877575327,0.003938460593859705,1.0655596483616276
237,7,NSW,0.16562197822947228,0.01819365007934235,0.989191442391623
238,8,NSW,0.1504240974988112,0.04459980600989235,0.7935226332908522
239,9,NSW,0.0970796129115475,0.036985751245821576,0.8755437588857744
240,0,Max,0.10944233472467335,0.06920970944668492,0.9496401281479733
241,1,Max,0.4451132830280688,0.0,2.4605782594093193
242,2,Max,0.16613775365731112,0.16252863364716125,1.2798480025861823
243,3,Max,0.4139622685852558,0.0,2.054872206946321
244,4,Max,0.13317824759106334,0.13327647524827213,0.9942731612086572
245,5,Max,0.24613591394317474,0.07696418346241525,1.4289548396154619
246,6,Max,0.03403463329514922,0.10265655638408251,0.4352310039593576
247,7,Max,0.15510688669506648,0.196134463411525,0.9263891580994535
248,8,Max,0.10992046284681063,0.1984790445204699,0.5798563965553444
249,9,Max,0.05268579965258189,0.184814436339039,0.47516385453404936
250,0,Expo-Fair,0.11309165928067108,0.06357462519204345,0.98130561708084
251,1,Expo-Fair,0.4231818176425346,0.0,2.3393415114122242
252,2,Expo-Fair,0.1688754924233269,0.1537707472110304,1.3009382690316733
253,3,Expo-Fair,0.3702264093498676,0.0,1.8377712573915268
254,4,Expo-Fair,0.15035633029314582,0.08175588542718018,1.1225201302193035
255,5,Expo-Fair,0.24613585454453818,0.0379922740767241,1.4289544947735904
256,6,Expo-Fair,0.03524760382652799,0.08421097609569708,0.45074233259824553
257,7,Expo-Fair,0.17244250135715208,0.1547902026871309,1.0299276006156672
258,8,Expo-Fair,0.11662887053266324,0.1575872266479291,0.6152448311252006
259,9,Expo-Fair,0.05825678443055336,0.16558015029575998,0.5254075751970557
260,0,NSW,0.14295364962275225,0.011828713773544774,1.2404205601835137
261,1,NSW,0.20319511633745257,0.012584312757187455,1.123258965171243
262,2,NSW,0.16776282816235005,0.0,1.2923668209374757
263,3,NSW,0.25429279347464295,0.0,1.2622870087256932
264,4,NSW,0.22279625166444444,0.0,1.6633371999911448
265,5,NSW,0.19065972794151476,0.021788379332224838,1.1068849587902634
266,6,NSW,0.08332570877575327,0.003938460593859705,1.0655596483616276
267,7,NSW,0.16562197822947228,0.01819365007934235,0.989191442391623
268,8,NSW,0.1504240974988112,0.04459980600989235,0.7935226332908522
269,9,NSW,0.0970796129115475,0.036985751245821576,0.8755437588857744
270,0,Max,0.10944233472467335,0.06920970944668492,0.9496401281479733
271,1,Max,0.4451132830280688,0.0,2.4605782594093193
272,2,Max,0.16613775365731112,0.16252863364716125,1.2798480025861823
273,3,Max,0.4139622685852558,0.0,2.054872206946321
274,4,Max,0.13317824759106334,0.13327647524827213,0.9942731612086572
275,5,Max,0.24613591394317474,0.07696418346241525,1.4289548396154619
276,6,Max,0.03403463329514922,0.10265655638408251,0.4352310039593576
277,7,Max,0.15510688669506648,0.196134463411525,0.9263891580994535
278,8,Max,0.10992046284681063,0.1984790445204699,0.5798563965553444
279,9,Max,0.05268579965258189,0.184814436339039,0.47516385453404936
280,0,Expo-Fair,0.11309165928067108,0.06357462519204345,0.98130561708084
281,1,Expo-Fair,0.4231818176425346,0.0,2.3393415114122242
282,2,Expo-Fair,0.1688754924233269,0.1537707472110304,1.3009382690316733
283,3,Expo-Fair,0.3702264093498676,0.0,1.8377712573915268
284,4,Expo-Fair,0.15035633029314582,0.08175588542718018,1.1225201302193035
285,5,Expo-Fair,0.24613585454453818,0.0379922740767241,1.4289544947735904
286,6,Expo-Fair,0.03524760382652799,0.08421097609569708,0.45074233259824553
287,7,Expo-Fair,0.17244250135715208,0.1547902026871309,1.0299276006156672
288,8,Expo-Fair,0.11662887053266324,0.1575872266479291,0.6152448311252006
289,9,Expo-Fair,0.05825678443055336,0.16558015029575998,0.5254075751970557
290,0,NSW,0.14295364962275225,0.011828713773544774,1.2404205601835137
291,1,NSW,0.20319511633745257,0.012584312757187455,1.123258965171243
292,2,NSW,0.16776282816235005,0.0,1.2923668209374757
293,3,NSW,0.25429279347464295,0.0,1.2622870087256932
294,4,NSW,0.22279625166444444,0.0,1.6633371999911448
295,5,NSW,0.19065972794151476,0.021788379332224838,1.1068849587902634
296,6,NSW,0.08332570877575327,0.003938460593859705,1.0655596483616276
297,7,NSW,0.16562197822947228,0.01819365007934235,0.989191442391623
298,8,NSW,0.1504240974988112,0.04459980600989235,0.7935226332908522
299,9,NSW,0.0970796129115475,0.036985751245821576,0.8755437588857744
300,0,Max,0.10944233472467335,0.06920970944668492,0.9496401281479733
301,1,Max,0.4451132830280688,0.0,2.4605782594093193
302,2,Max,0.16613775365731112,0.16252863364716125,1.2798480025861823
303,3,Max,0.4139622685852558,0.0,2.054872206946321
304,4,Max,0.13317824759106334,0.13327647524827213,0.9942731612086572
305,5,Max,0.24613591394317474,0.07696418346241525,1.4289548396154619
306,6,Max,0.03403463329514922,0.10265655638408251,0.4352310039593576
307,7,Max,0.15510688669506648,0.196134463411525,0.9263891580994535
308,8,Max,0.10992046284681063,0.1984790445204699,0.5798563965553444
309,9,Max,0.05268579965258189,0.184814436339039,0.47516385453404936
310,0,Expo-Fair,0.11309165928067108,0.06357462519204345,0.98130561708084
311,1,Expo-Fair,0.4231818176425346,0.0,2.3393415114122242
312,2,Expo-Fair,0.1688754924233269,0.1537707472110304,1.3009382690316733
313,3,Expo-Fair,0.3702264093498676,0.0,1.8377712573915268
314,4,Expo-Fair,0.15035633029314582,0.08175588542718018,1.1225201302193035
315,5,Expo-Fair,0.24613585454453818,0.0379922740767241,1.4289544947735904
316,6,Expo-Fair,0.03524760382652799,0.08421097609569708,0.45074233259824553
317,7,Expo-Fair,0.17244250135715208,0.1547902026871309,1.0299276006156672
318,8,Expo-Fair,0.11662887053266324,0.1575872266479291,0.6152448311252006
319,9,Expo-Fair,0.05825678443055336,0.16558015029575998,0.5254075751970557
320,0,NSW,0.14295364962275225,0.011828713773544774,1.2404205601835137
321,1,NSW,0.20319511633745257,0.012584312757187455,1.123258965171243
322,2,NSW,0.16776282816235005,0.0,1.2923668209374757
323,3,NSW,0.25429279347464295,0.0,1.2622870087256932
324,4,NSW,0.22279625166444444,0.0,1.6633371999911448
325,5,NSW,0.19065972794151476,0.021788379332224838,1.1068849587902634
326,6,NSW,0.08332570877575327,0.003938460593859705,1.0655596483616276
327,7,NSW,0.16562197822947228,0.01819365007934235,0.989191442391623
328,8,NSW,0.1504240974988112,0.04459980600989235,0.7935226332908522
329,9,NSW,0.0970796129115475,0.036985751245821576,0.8755437588857744
330,0,Max,0.10944233472467335,0.06920970944668492,0.9496401281479733
331,1,Max,0.4451132830280688,0.0,2.4605782594093193
332,2,Max,0.16613775365731112,0.16252863364716125,1.2798480025861823
333,3,Max,0.4139622685852558,0.0,2.054872206946321
334,4,Max,0.13317824759106334,0.13327647524827213,0.9942731612086572
335,5,Max,0.24613591394317474,0.07696418346241525,1.4289548396154619
336,6,Max,0.03403463329514922,0.10265655638408251,0.4352310039593576
337,7,Max,0.15510688669506648,0.196134463411525,0.9263891580994535
338,8,Max,0.10992046284681063,0.1984790445204699,0.5798563965553444
339,9,Max,0.05268579965258189,0.184814436339039,0.47516385453404936
340,0,Expo-Fair,0.11309165928067108,0.06357462519204345,0.98130561708084
341,1,Expo-Fair,0.4231818176425346,0.0,2.3393415114122242
342,2,Expo-Fair,0.1688754924233269,0.1537707472110304,1.3009382690316733
343,3,Expo-Fair,0.3702264093498676,0.0,1.8377712573915268
344,4,Expo-Fair,0.15035633029314582,0.08175588542718018,1.1225201302193035
345,5,Expo-Fair,0.24613585454453818,0.0379922740767241,1.4289544947735904
346,6,Expo-Fair,0.03524760382652799,0.08421097609569708,0.45074233259824553
347,7,Expo-Fair,0.17244250135715208,0.1547902026871309,1.0299276006156672
348,8,Expo-Fair,0.11662887053266324,0.1575872266479291,0.6152448311252006
349,9,Expo-Fair,0.05825678443055336,0.16558015029575998,0.5254075751970557
350,0,NSW,0.14295364962275225,0.011828713773544774,1.2404205601835137
351,1,NSW,0.20319511633745257,0.012584312757187455,1.123258965171243
352,2,NSW,0.16776282816235005,0.0,1.2923668209374757
353,3,NSW,0.25429279347464295,0.0,1.2622870087256932
354,4,NSW,0.22279625166444444,0.0,1.6633371999911448
355,5,NSW,0.19065972794151476,0.021788379332224838,1.1068849587902634
356,6,NSW,0.08332570877575327,0.003938460593859705,1.0655596483616276
357,7,NSW,0.16562197822947228,0.01819365007934235,0.989191442391623
358,8,NSW,0.1504240974988112,0.04459980600989235,0.7935226332908522
359,9,NSW,0.0970796129115475,0.036985751245821576,0.8755437588857744
360,0,Max,0.10944233472467335,0.06920970944668492,0.9496401281479733
361,1,Max,0.4451132830280688,0.0,2.4605782594093193
362,2,Max,0.16613775365731112,0.16252863364716125,1.2798480025861823
363,3,Max,0.4139622685852558,0.0,2.054872206946321
364,4,Max,0.13317824759106334,0.13327647524827213,0.9942731612086572
365,5,Max,0.24613591394317474,0.07696418346241525,1.4289548396154619
366,6,Max,0.03403463329514922,0.10265655638408251,0.4352310039593576
367,7,Max,0.15510688669506648,0.196134463411525,0.9263891580994535
368,8,Max,0.10992046284681063,0.1984790445204699,0.5798563965553444
369,9,Max,0.05268579965258189,0.184814436339039,0.47516385453404936
370,0,Expo-Fair,0.11309165928067108,0.06357462519204345,0.98130561708084
371,1,Expo-Fair,0.4231818176425346,0.0,2.3393415114122242
372,2,Expo-Fair,0.1688754924233269,0.1537707472110304,1.3009382690316733
373,3,Expo-Fair,0.3702264093498676,0.0,1.8377712573915268
374,4,Expo-Fair,0.15035633029314582,0.08175588542718018,1.1225201302193035
375,5,Expo-Fair,0.24613585454453818,0.0379922740767241,1.4289544947735904
376,6,Expo-Fair,0.03524760382652799,0.08421097609569708,0.45074233259824553
377,7,Expo-Fair,0.17244250135715208,0.1547902026871309,1.0299276006156672
378,8,Expo-Fair,0.11662887053266324,0.1575872266479291,0.6152448311252006
379,9,Expo-Fair,0.05825678443055336,0.16558015029575998,0.5254075751970557
380,0,NSW,0.14295364962275225,0.011828713773544774,1.2404205601835137
381,1,NSW,0.20319511633745257,0.012584312757187455,1.123258965171243
382,2,NSW,0.16776282816235005,0.0,1.2923668209374757
383,3,NSW,0.25429279347464295,0.0,1.2622870087256932
384,4,NSW,0.22279625166444444,0.0,1.6633371999911448
385,5,NSW,0.19065972794151476,0.021788379332224838,1.1068849587902634
386,6,NSW,0.08332570877575327,0.003938460593859705,1.0655596483616276
387,7,NSW,0.16562197822947228,0.01819365007934235,0.989191442391623
388,8,NSW,0.1504240974988112,0.04459980600989235,0.7935226332908522
389,9,NSW,0.0970796129115475,0.036985751245821576,0.8755437588857744
390,0,Max,0.10944233472467335,0.06920970944668492,0.9496401281479733
391,1,Max,0.4451132830280688,0.0,2.4605782594093193
392,2,Max,0.16613775365731112,0.16252863364716125,1.2798480025861823
393,3,Max,0.4139622685852558,0.0,2.054872206946321
394,4,Max,0.13317824759106334,0.13327647524827213,0.9942731612086572
395,5,Max,0.24613591394317474,0.07696418346241525,1.4289548396154619
396,6,Max,0.03403463329514922,0.10265655638408251,0.4352310039593576
397,7,Max,0.15510688669506648,0.196134463411525,0.9263891580994535
398,8,Max,0.10992046284681063,0.1984790445204699,0.5798563965553444
399,9,Max,0.05268579965258189,0.184814436339039,0.47516385453404936
400,0,Expo-Fair,0.11309165928067108,0.06357462519204345,0.98130561708084
401,1,Expo-Fair,0.4231818176425346,0.0,2.3393415114122242
402,2,Expo-Fair,0.1688754924233269,0.1537707472110304,1.3009382690316733
403,3,Expo-Fair,0.3702264093498676,0.0,1.8377712573915268
404,4,Expo-Fair,0.15035633029314582,0.08175588542718018,1.1225201302193035
405,5,Expo-Fair,0.24613585454453818,0.0379922740767241,1.4289544947735904
406,6,Expo-Fair,0.03524760382652799,0.08421097609569708,0.45074233259824553
407,7,Expo-Fair,0.17244250135715208,0.1547902026871309,1.0299276006156672
408,8,Expo-Fair,0.11662887053266324,0.1575872266479291,0.6152448311252006
409,9,Expo-Fair,0.05825678443055336,0.16558015029575998,0.5254075751970557
410,0,NSW,0.14295364962275225,0.011828713773544774,1.2404205601835137
411,1,NSW,0.20319511633745257,0.012584312757187455,1.123258965171243
412,2,NSW,0.16776282816235005,0.0,1.2923668209374757
413,3,NSW,0.25429279347464295,0.0,1.2622870087256932
414,4,NSW,0.22279625166444444,0.0,1.6633371999911448
415,5,NSW,0.19065972794151476,0.021788379332224838,1.1068849587902634
416,6,NSW,0.08332570877575327,0.003938460593859705,1.0655596483616276
417,7,NSW,0.16562197822947228,0.01819365007934235,0.989191442391623
418,8,NSW,0.1504240974988112,0.04459980600989235,0.7935226332908522
419,9,NSW,0.0970796129115475,0.036985751245821576,0.8755437588857744
420,0,Max,0.10944233472467335,0.06920970944668492,0.9496401281479733
421,1,Max,0.4451132830280688,0.0,2.4605782594093193
422,2,Max,0.16613775365731112,0.16252863364716125,1.2798480025861823
423,3,Max,0.4139622685852558,0.0,2.054872206946321
424,4,Max,0.13317824759106334,0.13327647524827213,0.9942731612086572
425,5,Max,0.24613591394317474,0.07696418346241525,1.4289548396154619
426,6,Max,0.03403463329514922,0.10265655638408251,0.4352310039593576
427,7,Max,0.15510688669506648,0.196134463411525,0.9263891580994535
428,8,Max,0.10992046284681063,0.1984790445204699,0.5798563965553444
429,9,Max,0.05268579965258189,0.184814436339039,0.47516385453404936
430,0,Expo-Fair,0.11309165928067108,0.06357462519204345,0.98130561708084
431,1,Expo-Fair,0.4231818176425346,0.0,2.3393415114122242
432,2,Expo-Fair,0.1688754924233269,0.1537707472110304,1.3009382690316733
433,3,Expo-Fair,0.3702264093498676,0.0,1.8377712573915268
434,4,Expo-Fair,0.15035633029314582,0.08175588542718018,1.1225201302193035
435,5,Expo-Fair,0.24613585454453818,0.0379922740767241,1.4289544947735904
436,6,Expo-Fair,0.03524760382652799,0.08421097609569708,0.45074233259824553
437,7,Expo-Fair,0.17244250135715208,0.1547902026871309,1.0299276006156672
438,8,Expo-Fair,0.11662887053266324,0.1575872266479291,0.6152448311252006
439,9,Expo-Fair,0.05825678443055336,0.16558015029575998,0.5254075751970557
440,0,NSW,0.14295364962275225,0.011828713773544774,1.2404205601835137
441,1,NSW,0.20319511633745257,0.012584312757187455,1.123258965171243
442,2,NSW,0.16776282816235005,0.0,1.2923668209374757
443,3,NSW,0.25429279347464295,0.0,1.2622870087256932
444,4,NSW,0.22279625166444444,0.0,1.6633371999911448
445,5,NSW,0.19065972794151476,0.021788379332224838,1.1068849587902634
446,6,NSW,0.08332570877575327,0.003938460593859705,1.0655596483616276
447,7,NSW,0.16562197822947228,0.01819365007934235,0.989191442391623
448,8,NSW,0.1504240974988112,0.04459980600989235,0.7935226332908522
449,9,NSW,0.0970796129115475,0.036985751245821576,0.8755437588857744
450,0,Max,0.10944233472467335,0.06920970944668492,0.9496401281479733
451,1,Max,0.4451132830280688,0.0,2.4605782594093193
452,2,Max,0.16613775365731112,0.16252863364716125,1.2798480025861823
453,3,Max,0.4139622685852558,0.0,2.054872206946321
454,4,Max,0.13317824759106334,0.13327647524827213,0.9942731612086572
455,5,Max,0.24613591394317474,0.07696418346241525,1.4289548396154619
456,6,Max,0.03403463329514922,0.10265655638408251,0.4352310039593576
457,7,Max,0.15510688669506648,0.196134463411525,0.9263891580994535
458,8,Max,0.10992046284681063,0.1984790445204699,0.5798563965553444
459,9,Max,0.05268579965258189,0.184814436339039,0.47516385453404936
460,0,Expo-Fair,0.11309165928067108,0.06357462519204345,0.98130561708084
461,1,Expo-Fair,0.4231818176425346,0.0,2.3393415114122242
462,2,Expo-Fair,0.1688754924233269,0.1537707472110304,1.3009382690316733
463,3,Expo-Fair,0.3702264093498676,0.0,1.8377712573915268
464,4,Expo-Fair,0.15035633029314582,0.08175588542718018,1.1225201302193035
465,5,Expo-Fair,0.24613585454453818,0.0379922740767241,1.4289544947735904
466,6,Expo-Fair,0.03524760382652799,0.08421097609569708,0.45074233259824553
467,7,Expo-Fair,0.17244250135715208,0.1547902026871309,1.0299276006156672
468,8,Expo-Fair,0.11662887053266324,0.1575872266479291,0.6152448311252006
469,9,Expo-Fair,0.05825678443055336,0.16558015029575998,0.5254075751970557
470,0,NSW,0.14295364962275225,0.011828713773544774,1.2404205601835137
471,1,NSW,0.20319511633745257,0.012584312757187455,1.123258965171243
472,2,NSW,0.16776282816235005,0.0,1.2923668209374757
473,3,NSW,0.25429279347464295,0.0,1.2622870087256932
474,4,NSW,0.22279625166444444,0.0,1.6633371999911448
475,5,NSW,0.19065972794151476,0.021788379332224838,1.1068849587902634
476,6,NSW,0.08332570877575327,0.003938460593859705,1.0655596483616276
477,7,NSW,0.16562197822947228,0.01819365007934235,0.989191442391623
478,8,NSW,0.1504240974988112,0.04459980600989235,0.7935226332908522
479,9,NSW,0.0970796129115475,0.036985751245821576,0.8755437588857744
